SKU,Category,,Customer,State Code,State,,Ship Mode,Sort Order,,Order Priority,Sort Order
SKU001,Bikes,,C001,VA,Virginia,,Delivery Truck,1,,Critical,1
SKU002,Components,,C002,NJ,New Jersey,,Express Air,3,,High,2
SKU003,Bikes,,C003,NY,New York,,Regular Air,2,,Low,4
SKU004,Bikes,,C004,IA,Iowa,,,,,Medium,3
SKU005,Components,,C005,LA,Louisiana,,,,,Not Specified,5
SKU006,Bikes,,C006,MI,Michigan,,,,,,
SKU007,Components,,C007,IL,Illinois,,,,,,
SKU008,Bikes,,C008,NM,New Mexico,,,,,,
SKU009,Bikes,,C009,IA,Iowa,,,,,,
SKU010,Components,,C010,LA,Louisiana,,,,,,
SKU011,Bikes,,C011,OK,Oklahoma,,,,,,
SKU012,Components,,C012,NC,North Carolina,,,,,,
SKU013,Components,,C013,OK,Oklahoma,,,,,,
SKU014,Components,,C014,UT,Utah,,,,,,
SKU015,Components,,C015,OK,Oklahoma,,,,,,
SKU016,Components,,C016,MD,Maryland,,,,,,
SKU017,Components,,C017,AL,Alabama,,,,,,
SKU018,Bikes,,C018,OR,Oregon,,,,,,
SKU019,Components,,C019,ID,Idaho,,,,,,
SKU020,Components,,C020,MO,Missouri,,,,,,
SKU021,Components,,C021,VT,Vermont,,,,,,
SKU022,Bikes,,C022,FL,Florida,,,,,,
SKU023,Components,,C023,NC,North Carolina,,,,,,
SKU024,Bikes,,C024,RI,Rhode Island,,,,,,
SKU025,Components,,C025,WA,Washington,,,,,,
SKU026,Components,,C026,TX,Texas,,,,,,
SKU027,Components,,C027,NV,Nevada,,,,,,
SKU028,Components,,C028,KY,Kentucky,,,,,,
SKU029,Accessories,,C029,IA,Iowa,,,,,,
SKU030,Bikes,,C030,MA,Massachusetts,,,,,,
SKU031,Components,,C031,NC,North Carolina,,,,,,
SKU032,Components,,C032,TN,Tennessee,,,,,,
SKU033,Components,,C033,OR,Oregon,,,,,,
SKU034,Components,,C034,FL,Florida,,,,,,
SKU035,Bikes,,C035,UT,Utah,,,,,,
SKU036,Components,,C036,OR,Oregon,,,,,,
SKU037,Bikes,,C037,RI,Rhode Island,,,,,,
SKU038,Components,,C038,NY,New York,,,,,,
SKU039,Bikes,,C039,GA,Georgia,,,,,,
SKU040,Bikes,,C040,MT,Montana,,,,,,
SKU041,Bikes,,C041,VA,Virginia,,,,,,
SKU042,Bikes,,C042,IN,Indiana,,,,,,
SKU043,Bikes,,C043,WA,Washington,,,,,,
SKU044,Bikes,,C044,CO,Colorado,,,,,,
SKU045,Bikes,,C045,VA,Virginia,,,,,,
SKU046,Bikes,,C046,KY,Kentucky,,,,,,
SKU047,Bikes,,C047,MA,Massachusetts,,,,,,
SKU048,Components,,C048,IA,Iowa,,,,,,
SKU049,Components,,C049,VA,Virginia,,,,,,
SKU050,Bikes,,C050,ME,Maine,,,,,,
SKU051,Bikes,,C051,IL,Illinois,,,,,,
SKU052,Bikes,,C052,RI,Rhode Island,,,,,,
SKU053,Bikes,,C053,NC,North Carolina,,,,,,
SKU054,Bikes,,C054,WA,Washington,,,,,,
SKU055,Bikes,,C055,TX,Texas,,,,,,
SKU056,Bikes,,C056,CA,California,,,,,,
SKU057,Bikes,,C057,OK,Oklahoma,,,,,,
SKU058,Bikes,,C058,ID,Idaho,,,,,,
SKU059,Bikes,,C059,MN,Minnesota,,,,,,
SKU060,Bikes,,C060,AL,Alabama,,,,,,
SKU061,Components,,C061,MO,Missouri,,,,,,
SKU062,Bikes,,C062,DE,Delaware,,,,,,
SKU063,Components,,C063,IN,Indiana,,,,,,
SKU064,Bikes,,C064,VA,Virginia,,,,,,
SKU065,Components,,C065,WA,Washington,,,,,,
SKU066,Components,,C066,ND,North Dakota,,,,,,
SKU067,Clothing,,C067,IN,Indiana,,,,,,
SKU068,Components,,C068,KS,Kansas,,,,,,
SKU069,Components,,C069,FL,Florida,,,,,,
SKU070,Bikes,,C070,LA,Louisiana,,,,,,
SKU071,Bikes,,C071,FL,Florida,,,,,,
SKU072,Bikes,,C072,ID,Idaho,,,,,,
SKU073,Components,,C073,FL,Florida,,,,,,
SKU074,Bikes,,C074,MD,Maryland,,,,,,
SKU075,Components,,C075,TN,Tennessee,,,,,,
SKU076,Bikes,,C076,WA,Washington,,,,,,
SKU077,Bikes,,C077,MN,Minnesota,,,,,,
SKU078,Components,,C078,FL,Florida,,,,,,
SKU079,Components,,C079,WV,West Virginia,,,,,,
SKU080,Components,,C080,RI,Rhode Island,,,,,,
SKU081,Components,,C081,CT,Connecticut,,,,,,
SKU082,Components,,C082,MD,Maryland,,,,,,
SKU083,Components,,C083,NH,New Hampshire,,,,,,
SKU084,Accessories,,C084,UT,Utah,,,,,,
SKU085,Clothing,,C085,OH,Ohio,,,,,,
SKU086,Components,,C086,CA,California,,,,,,
SKU087,Components,,C087,WI,Wisconsin,,,,,,
SKU088,Components,,C088,IL,Illinois,,,,,,
SKU089,Components,,C089,NM,New Mexico,,,,,,
SKU090,Accessories,,C090,TN,Tennessee,,,,,,
SKU091,Components,,C091,WV,West Virginia,,,,,,
SKU092,Components,,C092,RI,Rhode Island,,,,,,
SKU093,Components,,C093,OR,Oregon,,,,,,
SKU094,Components,,C094,ME,Maine,,,,,,
SKU095,Accessories,,C095,MT,Montana,,,,,,
SKU096,Components,,C096,MO,Missouri,,,,,,
SKU097,Clothing,,C097,ME,Maine,,,,,,
SKU098,Accessories,,C098,ND,North Dakota,,,,,,
SKU099,Components,,C099,MT,Montana,,,,,,
SKU100,Components,,C100,KY,Kentucky,,,,,,
SKU1000,Components,,C101,KS,Kansas,,,,,,
SKU1001,Accessories,,C102,WV,West Virginia,,,,,,
SKU1002,Accessories,,C103,MT,Montana,,,,,,
SKU1003,Components,,C104,DE,Delaware,,,,,,
SKU1004,Components,,C105,WI,Wisconsin,,,,,,
SKU1005,Accessories,,C106,MA,Massachusetts,,,,,,
SKU1006,Clothing,,C107,IL,Illinois,,,,,,
SKU1007,Accessories,,C108,DE,Delaware,,,,,,
SKU1008,Accessories,,C109,VA,Virginia,,,,,,
SKU1009,Components,,C110,AL,Alabama,,,,,,
SKU101,Components,,C111,NH,New Hampshire,,,,,,
SKU1010,Clothing,,C112,NJ,New Jersey,,,,,,
SKU1011,Components,,C113,NY,New York,,,,,,
SKU1012,Accessories,,C114,NV,Nevada,,,,,,
SKU1013,Components,,C115,DE,Delaware,,,,,,
SKU1014,Components,,C116,NJ,New Jersey,,,,,,
SKU1015,Accessories,,C117,DE,Delaware,,,,,,
SKU1016,Components,,C118,NV,Nevada,,,,,,
SKU1017,Components,,C119,MI,Michigan,,,,,,
SKU1018,Clothing,,C120,OK,Oklahoma,,,,,,
SKU1019,Components,,C121,IL,Illinois,,,,,,
SKU102,Accessories,,C122,WA,Washington,,,,,,
SKU1020,Bikes,,C123,NM,New Mexico,,,,,,
SKU1021,Components,,C124,KS,Kansas,,,,,,
SKU1022,Bikes,,C125,MI,Michigan,,,,,,
SKU1023,Components,,C126,MI,Michigan,,,,,,
SKU1024,Components,,C127,NY,New York,,,,,,
SKU1025,Bikes,,C128,LA,Louisiana,,,,,,
SKU1026,Accessories,,C129,MO,Missouri,,,,,,
SKU1027,Components,,C130,IN,Indiana,,,,,,
SKU1028,Components,,C131,TX,Texas,,,,,,
SKU1029,Components,,C132,DE,Delaware,,,,,,
SKU103,Components,,C133,PA,Pennsylvania,,,,,,
SKU1030,Accessories,,C134,PA,Pennsylvania,,,,,,
SKU1031,Components,,C135,IA,Iowa,,,,,,
SKU1032,Components,,C136,TX,Texas,,,,,,
SKU1033,Accessories,,C137,WA,Washington,,,,,,
SKU1034,Bikes,,C138,UT,Utah,,,,,,
SKU1035,Components,,C139,WI,Wisconsin,,,,,,
SKU1036,Components,,C140,WI,Wisconsin,,,,,,
SKU1037,Accessories,,C141,NY,New York,,,,,,
SKU1038,Clothing,,C142,NY,New York,,,,,,
SKU1039,Clothing,,C143,MT,Montana,,,,,,
SKU104,Components,,C144,FL,Florida,,,,,,
SKU1040,Components,,C145,VA,Virginia,,,,,,
SKU1041,Components,,C146,NY,New York,,,,,,
SKU1042,Components,,C147,IL,Illinois,,,,,,
SKU1043,Bikes,,C148,NV,Nevada,,,,,,
SKU1044,Components,,C149,MI,Michigan,,,,,,
SKU1045,Components,,C150,ID,Idaho,,,,,,
SKU1046,Components,,C151,CA,California,,,,,,
SKU1047,Components,,C152,ME,Maine,,,,,,
SKU1048,Components,,C153,AL,Alabama,,,,,,
SKU1049,Bikes,,C154,IN,Indiana,,,,,,
SKU105,Clothing,,C155,WA,Washington,,,,,,
SKU1050,Components,,C156,LA,Louisiana,,,,,,
SKU1051,Components,,C157,SC,South Carolina,,,,,,
SKU1052,Accessories,,C158,FL,Florida,,,,,,
SKU1053,Clothing,,C159,MO,Missouri,,,,,,
SKU1054,Components,,C160,WV,West Virginia,,,,,,
SKU1055,Components,,C161,MO,Missouri,,,,,,
SKU1056,Clothing,,C162,MT,Montana,,,,,,
SKU1057,Components,,C163,FL,Florida,,,,,,
SKU1058,Bikes,,C164,AZ,Arizona,,,,,,
SKU1059,Bikes,,C165,NC,North Carolina,,,,,,
SKU106,Accessories,,C166,WV,West Virginia,,,,,,
SKU1060,Components,,C167,CA,California,,,,,,
SKU1061,Components,,C168,ND,North Dakota,,,,,,
SKU1062,Accessories,,C169,NY,New York,,,,,,
SKU1063,Components,,C170,WI,Wisconsin,,,,,,
SKU1064,Components,,C171,VA,Virginia,,,,,,
SKU1065,Bikes,,C172,DE,Delaware,,,,,,
SKU1066,Components,,C173,WV,West Virginia,,,,,,
SKU1067,Components,,C174,CO,Colorado,,,,,,
SKU1068,Components,,C175,VT,Vermont,,,,,,
SKU1069,Components,,C176,MO,Missouri,,,,,,
SKU107,Accessories,,C177,NM,New Mexico,,,,,,
SKU1070,Bikes,,C178,MA,Massachusetts,,,,,,
SKU1071,Bikes,,C179,NJ,New Jersey,,,,,,
SKU1072,Bikes,,C180,ID,Idaho,,,,,,
SKU1073,Components,,C181,MA,Massachusetts,,,,,,
SKU1074,Bikes,,C182,AZ,Arizona,,,,,,
SKU1075,Bikes,,C183,LA,Louisiana,,,,,,
SKU1076,Bikes,,C184,CO,Colorado,,,,,,
SKU1077,Bikes,,C185,AL,Alabama,,,,,,
SKU1078,Components,,C186,NJ,New Jersey,,,,,,
SKU1079,Bikes,,C187,CA,California,,,,,,
SKU108,Clothing,,C188,CA,California,,,,,,
SKU1080,Bikes,,C189,DE,Delaware,,,,,,
SKU1081,Bikes,,C190,MD,Maryland,,,,,,
SKU1082,Components,,C191,FL,Florida,,,,,,
SKU1083,Components,,C192,IN,Indiana,,,,,,
SKU1084,Bikes,,C193,NY,New York,,,,,,
SKU1085,Components,,C194,IA,Iowa,,,,,,
SKU1086,Components,,C195,PA,Pennsylvania,,,,,,
SKU1087,Accessories,,C196,NV,Nevada,,,,,,
SKU1088,Components,,C197,NH,New Hampshire,,,,,,
SKU1089,Components,,C198,MA,Massachusetts,,,,,,
SKU109,Accessories,,C199,SC,South Carolina,,,,,,
SKU1090,Bikes,,C200,TN,Tennessee,,,,,,
SKU1091,Components,,C201,NV,Nevada,,,,,,
SKU1092,Components,,C202,NC,North Carolina,,,,,,
SKU1093,Components,,C203,WA,Washington,,,,,,
SKU1094,Components,,C204,NY,New York,,,,,,
SKU1095,Bikes,,C205,ID,Idaho,,,,,,
SKU1096,Bikes,,C206,TX,Texas,,,,,,
SKU1097,Components,,C207,NV,Nevada,,,,,,
SKU1098,Bikes,,C208,IA,Iowa,,,,,,
SKU1099,Bikes,,C209,CT,Connecticut,,,,,,
SKU110,Components,,C210,OR,Oregon,,,,,,
SKU1100,Bikes,,C211,OR,Oregon,,,,,,
SKU1101,Bikes,,C212,CT,Connecticut,,,,,,
SKU1102,Accessories,,C213,NH,New Hampshire,,,,,,
SKU1103,Components,,C214,RI,Rhode Island,,,,,,
SKU1104,Bikes,,C215,NC,North Carolina,,,,,,
SKU1105,Bikes,,C216,MD,Maryland,,,,,,
SKU1106,Bikes,,C217,NV,Nevada,,,,,,
SKU1107,Components,,C218,UT,Utah,,,,,,
SKU1108,Components,,C219,GA,Georgia,,,,,,
SKU1109,Bikes,,C220,VT,Vermont,,,,,,
SKU111,Clothing,,C221,NJ,New Jersey,,,,,,
SKU1110,Components,,C222,AZ,Arizona,,,,,,
SKU1111,Bikes,,C223,CO,Colorado,,,,,,
SKU1112,Bikes,,C224,AL,Alabama,,,,,,
SKU1113,Bikes,,C225,MA,Massachusetts,,,,,,
SKU1114,Components,,C226,CA,California,,,,,,
SKU1115,Bikes,,C227,IN,Indiana,,,,,,
SKU1116,Bikes,,C228,NM,New Mexico,,,,,,
SKU1117,Bikes,,C229,WA,Washington,,,,,,
SKU1118,Bikes,,C230,IN,Indiana,,,,,,
SKU1119,Components,,C231,NC,North Carolina,,,,,,
SKU112,Accessories,,C232,ID,Idaho,,,,,,
SKU1120,Bikes,,C233,KY,Kentucky,,,,,,
SKU1121,Bikes,,C234,IN,Indiana,,,,,,
SKU1122,Bikes,,C235,NH,New Hampshire,,,,,,
SKU1123,Bikes,,C236,OH,Ohio,,,,,,
SKU1124,Components,,C237,MD,Maryland,,,,,,
SKU1125,Bikes,,C238,RI,Rhode Island,,,,,,
SKU1126,Bikes,,C239,MO,Missouri,,,,,,
SKU1127,Bikes,,C240,OR,Oregon,,,,,,
SKU1128,Bikes,,C241,GA,Georgia,,,,,,
SKU1129,Bikes,,C242,CT,Connecticut,,,,,,
SKU113,Accessories,,C243,GA,Georgia,,,,,,
SKU1130,Bikes,,C244,LA,Louisiana,,,,,,
SKU1131,Bikes,,C245,DE,Delaware,,,,,,
SKU1132,Accessories,,C246,CA,California,,,,,,
SKU1133,Accessories,,C247,WI,Wisconsin,,,,,,
SKU1134,Bikes,,C248,MO,Missouri,,,,,,
SKU1135,Components,,C249,DE,Delaware,,,,,,
SKU1136,Components,,C250,NM,New Mexico,,,,,,
SKU1137,Components,,C251,NM,New Mexico,,,,,,
SKU1138,Components,,C252,MO,Missouri,,,,,,
SKU1139,Bikes,,C253,CT,Connecticut,,,,,,
SKU114,Components,,C254,VT,Vermont,,,,,,
SKU1140,Bikes,,C255,ID,Idaho,,,,,,
SKU1141,Bikes,,C256,CO,Colorado,,,,,,
SKU1142,Components,,C257,FL,Florida,,,,,,
SKU1143,Components,,C258,ME,Maine,,,,,,
SKU1144,Components,,C259,TX,Texas,,,,,,
SKU1145,Components,,C260,NC,North Carolina,,,,,,
SKU1146,Bikes,,C261,CO,Colorado,,,,,,
SKU1147,Bikes,,C262,CT,Connecticut,,,,,,
SKU1148,Components,,C263,AZ,Arizona,,,,,,
SKU1149,Components,,C264,WI,Wisconsin,,,,,,
SKU115,Components,,C265,MI,Michigan,,,,,,
SKU1150,Components,,C266,PA,Pennsylvania,,,,,,
SKU1151,Components,,C267,NV,Nevada,,,,,,
SKU1152,Bikes,,C268,MD,Maryland,,,,,,
SKU1153,Components,,C269,MN,Minnesota,,,,,,
SKU1154,Components,,C270,NM,New Mexico,,,,,,
SKU1155,Bikes,,C271,CT,Connecticut,,,,,,
SKU1156,Components,,C272,ID,Idaho,,,,,,
SKU1157,Components,,C273,OH,Ohio,,,,,,
SKU1158,Components,,C274,NJ,New Jersey,,,,,,
SKU1159,Components,,C275,ID,Idaho,,,,,,
SKU116,Components,,C276,ID,Idaho,,,,,,
SKU1160,Components,,C277,PA,Pennsylvania,,,,,,
SKU1161,Components,,C278,WI,Wisconsin,,,,,,
SKU1162,Components,,C279,LA,Louisiana,,,,,,
SKU1163,Accessories,,C280,MA,Massachusetts,,,,,,
SKU1164,Accessories,,C281,WA,Washington,,,,,,
SKU1165,Components,,C282,UT,Utah,,,,,,
SKU1166,Components,,C283,WA,Washington,,,,,,
SKU1167,Components,,C284,GA,Georgia,,,,,,
SKU1168,Components,,C285,MT,Montana,,,,,,
SKU1169,Components,,C286,NM,New Mexico,,,,,,
SKU117,Components,,C287,CO,Colorado,,,,,,
SKU1170,Bikes,,C288,ME,Maine,,,,,,
SKU1171,Components,,C289,IN,Indiana,,,,,,
SKU1172,Components,,C290,OR,Oregon,,,,,,
SKU1173,Components,,C291,RI,Rhode Island,,,,,,
SKU1174,Bikes,,C292,VA,Virginia,,,,,,
SKU1175,Bikes,,C293,WA,Washington,,,,,,
SKU1176,Bikes,,C294,MT,Montana,,,,,,
SKU1177,Accessories,,C295,MI,Michigan,,,,,,
SKU1178,Components,,C296,OK,Oklahoma,,,,,,
SKU1179,Components,,C297,OR,Oregon,,,,,,
SKU118,Components,,C298,KY,Kentucky,,,,,,
SKU1180,Components,,C299,SC,South Carolina,,,,,,
SKU1181,Accessories,,C300,NJ,New Jersey,,,,,,
SKU1182,Components,,C301,ME,Maine,,,,,,
SKU1183,Components,,C302,KY,Kentucky,,,,,,
SKU1184,Components,,C303,IL,Illinois,,,,,,
SKU1185,Components,,C304,NV,Nevada,,,,,,
SKU1186,Components,,C305,WI,Wisconsin,,,,,,
SKU1187,Components,,C306,DE,Delaware,,,,,,
SKU1188,Components,,C307,MN,Minnesota,,,,,,
SKU1189,Components,,C308,MD,Maryland,,,,,,
SKU119,Components,,C309,IA,Iowa,,,,,,
SKU1190,Accessories,,C310,KS,Kansas,,,,,,
SKU1191,Components,,C311,IA,Iowa,,,,,,
SKU1192,Components,,C312,NV,Nevada,,,,,,
SKU1193,Components,,C313,VA,Virginia,,,,,,
SKU1194,Components,,C314,VT,Vermont,,,,,,
SKU1195,Bikes,,C315,UT,Utah,,,,,,
SKU1196,Accessories,,C316,IA,Iowa,,,,,,
SKU1197,Components,,C317,OR,Oregon,,,,,,
SKU1198,Components,,C318,MD,Maryland,,,,,,
SKU1199,Components,,C319,KY,Kentucky,,,,,,
SKU120,Components,,C320,FL,Florida,,,,,,
SKU1200,Components,,C321,WI,Wisconsin,,,,,,
SKU1201,Bikes,,C322,GA,Georgia,,,,,,
SKU1202,Components,,C323,WV,West Virginia,,,,,,
SKU1203,Components,,C324,WI,Wisconsin,,,,,,
SKU1204,Components,,C325,MD,Maryland,,,,,,
SKU1205,Bikes,,C326,GA,Georgia,,,,,,
SKU1206,Components,,C327,MO,Missouri,,,,,,
SKU1207,Components,,C328,NJ,New Jersey,,,,,,
SKU1208,Components,,C329,AL,Alabama,,,,,,
SKU1209,Components,,C330,ND,North Dakota,,,,,,
SKU121,Components,,C331,VA,Virginia,,,,,,
SKU1210,Components,,C332,AZ,Arizona,,,,,,
SKU1211,Bikes,,C333,GA,Georgia,,,,,,
SKU1212,Components,,C334,MN,Minnesota,,,,,,
SKU1213,Bikes,,C335,LA,Louisiana,,,,,,
SKU1214,Accessories,,C336,IN,Indiana,,,,,,
SKU1215,Components,,C337,NM,New Mexico,,,,,,
SKU1216,Components,,C338,KY,Kentucky,,,,,,
SKU1217,Components,,C339,MI,Michigan,,,,,,
SKU1218,Components,,C340,AL,Alabama,,,,,,
SKU1219,Components,,C341,UT,Utah,,,,,,
SKU122,Accessories,,C342,PA,Pennsylvania,,,,,,
SKU1220,Components,,C343,WI,Wisconsin,,,,,,
SKU1221,Bikes,,C344,IL,Illinois,,,,,,
SKU1222,Bikes,,C345,WA,Washington,,,,,,
SKU1223,Bikes,,C346,TN,Tennessee,,,,,,
SKU1224,Bikes,,C347,ME,Maine,,,,,,
SKU1225,Bikes,,C348,OK,Oklahoma,,,,,,
SKU1226,Components,,C349,WI,Wisconsin,,,,,,
SKU1227,Accessories,,C350,IL,Illinois,,,,,,
SKU1228,Bikes,,C351,VA,Virginia,,,,,,
SKU1229,Bikes,,C352,MO,Missouri,,,,,,
SKU123,Components,,C353,KS,Kansas,,,,,,
SKU1230,Components,,C354,CT,Connecticut,,,,,,
SKU1231,Bikes,,C355,SC,South Carolina,,,,,,
SKU1232,Components,,C356,CT,Connecticut,,,,,,
SKU1233,Bikes,,C357,ND,North Dakota,,,,,,
SKU1234,Components,,C358,MI,Michigan,,,,,,
SKU1235,Bikes,,C359,WA,Washington,,,,,,
SKU1236,Bikes,,C360,TX,Texas,,,,,,
SKU1237,Bikes,,C361,NJ,New Jersey,,,,,,
SKU1238,Bikes,,C362,OK,Oklahoma,,,,,,
SKU1239,Bikes,,C363,MT,Montana,,,,,,
SKU124,Accessories,,C364,WV,West Virginia,,,,,,
SKU1240,Components,,C365,WI,Wisconsin,,,,,,
SKU1241,Components,,C366,TN,Tennessee,,,,,,
SKU1242,Components,,C367,KS,Kansas,,,,,,
SKU1243,Components,,C368,IN,Indiana,,,,,,
SKU1244,Bikes,,C369,ME,Maine,,,,,,
SKU1245,Components,,C370,ME,Maine,,,,,,
SKU1246,Bikes,,C371,MN,Minnesota,,,,,,
SKU1247,Bikes,,C372,SC,South Carolina,,,,,,
SKU1248,Bikes,,C373,MN,Minnesota,,,,,,
SKU1249,Components,,C374,GA,Georgia,,,,,,
SKU125,Components,,C375,RI,Rhode Island,,,,,,
SKU1250,Components,,C376,KS,Kansas,,,,,,
SKU1251,Bikes,,C377,FL,Florida,,,,,,
SKU1252,Bikes,,C378,OK,Oklahoma,,,,,,
SKU1253,Bikes,,C379,WA,Washington,,,,,,
SKU1254,Components,,C380,RI,Rhode Island,,,,,,
SKU1255,Bikes,,C381,NC,North Carolina,,,,,,
SKU1256,Components,,C382,KS,Kansas,,,,,,
SKU1257,Components,,C383,KS,Kansas,,,,,,
SKU1258,Components,,C384,IA,Iowa,,,,,,
SKU1259,Components,,C385,MN,Minnesota,,,,,,
SKU126,Components,,C386,IN,Indiana,,,,,,
SKU1260,Bikes,,C387,MN,Minnesota,,,,,,
SKU1261,Components,,C388,MT,Montana,,,,,,
SKU1262,Accessories,,C389,ID,Idaho,,,,,,
SKU1263,Components,,C390,AL,Alabama,,,,,,
SKU127,Components,,C391,NM,New Mexico,,,,,,
SKU128,Bikes,,C392,NV,Nevada,,,,,,
SKU129,Components,,C393,IL,Illinois,,,,,,
SKU130,Components,,C394,WV,West Virginia,,,,,,
SKU131,Components,,C395,TX,Texas,,,,,,
SKU132,Components,,C396,CT,Connecticut,,,,,,
SKU133,Accessories,,C397,IL,Illinois,,,,,,
SKU134,Components,,C398,IN,Indiana,,,,,,
SKU135,Components,,C399,MO,Missouri,,,,,,
SKU136,Clothing,,C400,VA,Virginia,,,,,,
SKU137,Components,,C401,FL,Florida,,,,,,
SKU138,Clothing,,C402,TN,Tennessee,,,,,,
SKU139,Accessories,,C403,TX,Texas,,,,,,
SKU140,Components,,C404,NY,New York,,,,,,
SKU141,Accessories,,C405,NV,Nevada,,,,,,
SKU142,Accessories,,C406,OK,Oklahoma,,,,,,
SKU143,Accessories,,C407,PA,Pennsylvania,,,,,,
SKU144,Accessories,,C408,MT,Montana,,,,,,
SKU145,Accessories,,C409,OH,Ohio,,,,,,
SKU146,Components,,C410,MI,Michigan,,,,,,
SKU147,Clothing,,C411,VT,Vermont,,,,,,
SKU148,Accessories,,C412,MO,Missouri,,,,,,
SKU149,Accessories,,C413,NY,New York,,,,,,
SKU150,Accessories,,C414,IA,Iowa,,,,,,
SKU151,Components,,C415,MT,Montana,,,,,,
SKU152,Accessories,,C416,CO,Colorado,,,,,,
SKU153,Components,,C417,WV,West Virginia,,,,,,
SKU154,Components,,C418,WI,Wisconsin,,,,,,
SKU155,Components,,C419,IA,Iowa,,,,,,
SKU156,Bikes,,C420,GA,Georgia,,,,,,
SKU157,Accessories,,C421,ID,Idaho,,,,,,
SKU158,Components,,C422,CA,California,,,,,,
SKU159,Components,,C423,IL,Illinois,,,,,,
SKU160,Components,,C424,PA,Pennsylvania,,,,,,
SKU161,Accessories,,C425,ID,Idaho,,,,,,
SKU162,Components,,C426,ND,North Dakota,,,,,,
SKU163,Components,,C427,NH,New Hampshire,,,,,,
SKU164,Components,,C428,AL,Alabama,,,,,,
SKU165,Components,,C429,WV,West Virginia,,,,,,
SKU166,Clothing,,C430,OR,Oregon,,,,,,
SKU167,Clothing,,C431,AZ,Arizona,,,,,,
SKU168,Components,,C432,MN,Minnesota,,,,,,
SKU169,Components,,C433,NC,North Carolina,,,,,,
SKU170,Components,,C434,UT,Utah,,,,,,
SKU171,Bikes,,C435,GA,Georgia,,,,,,
SKU172,Accessories,,C436,IA,Iowa,,,,,,
SKU173,Clothing,,C437,RI,Rhode Island,,,,,,
SKU174,Bikes,,C438,CA,California,,,,,,
SKU175,Components,,C439,OH,Ohio,,,,,,
SKU176,Components,,C440,RI,Rhode Island,,,,,,
SKU177,Bikes,,C441,WV,West Virginia,,,,,,
SKU178,Components,,C442,UT,Utah,,,,,,
SKU179,Components,,C443,DE,Delaware,,,,,,
SKU180,Components,,C444,OH,Ohio,,,,,,
SKU181,Components,,C445,CO,Colorado,,,,,,
SKU182,Components,,C446,IA,Iowa,,,,,,
SKU183,Bikes,,C447,MO,Missouri,,,,,,
SKU184,Components,,C448,CO,Colorado,,,,,,
SKU185,Accessories,,C449,LA,Louisiana,,,,,,
SKU186,Accessories,,C450,KY,Kentucky,,,,,,
SKU187,Accessories,,C451,NY,New York,,,,,,
SKU188,Accessories,,C452,SC,South Carolina,,,,,,
SKU189,Accessories,,C453,AL,Alabama,,,,,,
SKU190,Accessories,,C454,OH,Ohio,,,,,,
SKU191,Accessories,,C455,FL,Florida,,,,,,
SKU192,Components,,C456,NH,New Hampshire,,,,,,
SKU193,Accessories,,C457,NY,New York,,,,,,
SKU194,Bikes,,C458,ID,Idaho,,,,,,
SKU195,Components,,C459,UT,Utah,,,,,,
SKU196,Components,,C460,NC,North Carolina,,,,,,
SKU197,Accessories,,C461,AZ,Arizona,,,,,,
SKU198,Components,,C462,MA,Massachusetts,,,,,,
SKU199,Accessories,,C463,WV,West Virginia,,,,,,
SKU200,Accessories,,C464,KY,Kentucky,,,,,,
SKU201,Components,,C465,NH,New Hampshire,,,,,,
SKU202,Components,,C466,MO,Missouri,,,,,,
SKU203,Components,,C467,SC,South Carolina,,,,,,
SKU204,Components,,C468,MI,Michigan,,,,,,
SKU205,Components,,C469,CT,Connecticut,,,,,,
SKU206,Components,,C470,UT,Utah,,,,,,
SKU207,Bikes,,C471,ME,Maine,,,,,,
SKU208,Components,,C472,UT,Utah,,,,,,
SKU209,Clothing,,C473,NM,New Mexico,,,,,,
SKU210,Components,,C474,TN,Tennessee,,,,,,
SKU211,Accessories,,C475,OK,Oklahoma,,,,,,
SKU212,Components,,C476,CT,Connecticut,,,,,,
SKU213,Accessories,,C477,TN,Tennessee,,,,,,
SKU214,Clothing,,C478,WV,West Virginia,,,,,,
SKU215,Components,,C479,MN,Minnesota,,,,,,
SKU216,Accessories,,C480,MA,Massachusetts,,,,,,
SKU217,Components,,C481,NJ,New Jersey,,,,,,
SKU218,Components,,C482,GA,Georgia,,,,,,
SKU219,Components,,C483,NM,New Mexico,,,,,,
SKU220,Components,,C484,NM,New Mexico,,,,,,
SKU221,Bikes,,C485,OH,Ohio,,,,,,
SKU222,Bikes,,C486,VT,Vermont,,,,,,
SKU223,Bikes,,C487,NM,New Mexico,,,,,,
SKU224,Bikes,,C488,KY,Kentucky,,,,,,
SKU225,Components,,C489,MI,Michigan,,,,,,
SKU226,Bikes,,C490,DE,Delaware,,,,,,
SKU227,Bikes,,C491,WV,West Virginia,,,,,,
SKU228,Bikes,,C492,FL,Florida,,,,,,
SKU229,Components,,C493,MA,Massachusetts,,,,,,
SKU230,Bikes,,C494,WV,West Virginia,,,,,,
SKU231,Bikes,,C495,TN,Tennessee,,,,,,
SKU232,Bikes,,C496,DE,Delaware,,,,,,
SKU233,Bikes,,C497,LA,Louisiana,,,,,,
SKU234,Bikes,,C498,VA,Virginia,,,,,,
SKU235,Bikes,,C499,DE,Delaware,,,,,,
SKU236,Components,,C500,ND,North Dakota,,,,,,
SKU237,Bikes,,C501,GA,Georgia,,,,,,
SKU238,Bikes,,C502,DE,Delaware,,,,,,
SKU239,Bikes,,C503,FL,Florida,,,,,,
SKU240,Bikes,,C504,AL,Alabama,,,,,,
SKU241,Bikes,,C505,WI,Wisconsin,,,,,,
SKU242,Bikes,,C506,FL,Florida,,,,,,
SKU243,Bikes,,C507,NJ,New Jersey,,,,,,
SKU244,Components,,C508,KY,Kentucky,,,,,,
SKU245,Bikes,,C509,CT,Connecticut,,,,,,
SKU246,Components,,C510,IN,Indiana,,,,,,
SKU247,Bikes,,C511,MI,Michigan,,,,,,
SKU248,Components,,C512,SC,South Carolina,,,,,,
SKU249,Bikes,,C513,AZ,Arizona,,,,,,
SKU250,Bikes,,C514,CO,Colorado,,,,,,
SKU251,Bikes,,C515,MI,Michigan,,,,,,
SKU252,Bikes,,C516,LA,Louisiana,,,,,,
SKU253,Components,,C517,CA,California,,,,,,
SKU254,Bikes,,C518,NC,North Carolina,,,,,,
SKU255,Bikes,,C519,MO,Missouri,,,,,,
SKU256,Bikes,,C520,ME,Maine,,,,,,
SKU257,Bikes,,C521,AL,Alabama,,,,,,
SKU258,Components,,C522,CA,California,,,,,,
SKU259,Bikes,,C523,MN,Minnesota,,,,,,
SKU260,Components,,C524,MA,Massachusetts,,,,,,
SKU261,Clothing,,C525,WV,West Virginia,,,,,,
SKU262,Accessories,,C526,KY,Kentucky,,,,,,
SKU263,Components,,C527,VT,Vermont,,,,,,
SKU264,Components,,C528,NV,Nevada,,,,,,
SKU265,Clothing,,C529,TX,Texas,,,,,,
SKU266,Components,,C530,LA,Louisiana,,,,,,
SKU267,Bikes,,C531,FL,Florida,,,,,,
SKU268,Components,,C532,MD,Maryland,,,,,,
SKU269,Accessories,,C533,MI,Michigan,,,,,,
SKU270,Accessories,,C534,RI,Rhode Island,,,,,,
SKU271,Clothing,,C535,ID,Idaho,,,,,,
SKU272,Components,,C536,GA,Georgia,,,,,,
SKU273,Components,,C537,MA,Massachusetts,,,,,,
SKU274,Components,,C538,MI,Michigan,,,,,,
SKU275,Components,,C539,PA,Pennsylvania,,,,,,
SKU276,Components,,C540,MD,Maryland,,,,,,
SKU277,Components,,C541,KS,Kansas,,,,,,
SKU278,Clothing,,C542,TX,Texas,,,,,,
SKU279,Components,,C543,UT,Utah,,,,,,
SKU280,Accessories,,C544,MI,Michigan,,,,,,
SKU281,Components,,C545,OR,Oregon,,,,,,
SKU282,Components,,C546,NY,New York,,,,,,
SKU283,Components,,C547,NH,New Hampshire,,,,,,
SKU284,Accessories,,C548,PA,Pennsylvania,,,,,,
SKU285,Components,,C549,OK,Oklahoma,,,,,,
SKU286,Components,,C550,KS,Kansas,,,,,,
SKU287,Components,,C551,NC,North Carolina,,,,,,
SKU288,Accessories,,C552,IL,Illinois,,,,,,
SKU289,Accessories,,C553,NM,New Mexico,,,,,,
SKU290,Components,,C554,WA,Washington,,,,,,
SKU291,Components,,C555,MI,Michigan,,,,,,
SKU292,Components,,C556,OH,Ohio,,,,,,
SKU293,Components,,C557,WV,West Virginia,,,,,,
SKU294,Components,,C558,WV,West Virginia,,,,,,
SKU295,Clothing,,C559,NJ,New Jersey,,,,,,
SKU296,Components,,C560,CT,Connecticut,,,,,,
SKU297,Accessories,,C561,TX,Texas,,,,,,
SKU298,Bikes,,C562,CA,California,,,,,,
SKU299,Accessories,,C563,NH,New Hampshire,,,,,,
SKU300,Components,,C564,ME,Maine,,,,,,
SKU301,Components,,C565,VA,Virginia,,,,,,
SKU302,Accessories,,C566,KS,Kansas,,,,,,
SKU303,Bikes,,C567,ME,Maine,,,,,,
SKU304,Bikes,,C568,GA,Georgia,,,,,,
SKU305,Components,,C569,WA,Washington,,,,,,
SKU306,Components,,C570,CT,Connecticut,,,,,,
SKU307,Components,,C571,CA,California,,,,,,
SKU308,Components,,C572,CA,California,,,,,,
SKU309,Clothing,,C573,AZ,Arizona,,,,,,
SKU310,Clothing,,C574,SC,South Carolina,,,,,,
SKU311,Accessories,,C575,ME,Maine,,,,,,
SKU312,Accessories,,C576,ME,Maine,,,,,,
SKU313,Bikes,,C577,SC,South Carolina,,,,,,
SKU314,Bikes,,C578,WV,West Virginia,,,,,,
SKU315,Accessories,,C579,NM,New Mexico,,,,,,
SKU316,Components,,C580,OH,Ohio,,,,,,
SKU317,Components,,C581,CA,California,,,,,,
SKU318,Components,,C582,VA,Virginia,,,,,,
SKU319,Components,,C583,AL,Alabama,,,,,,
SKU320,Components,,C584,ND,North Dakota,,,,,,
SKU321,Bikes,,C585,AL,Alabama,,,,,,
SKU322,Components,,C586,NH,New Hampshire,,,,,,
SKU323,Bikes,,C587,CA,California,,,,,,
SKU324,Bikes,,C588,ME,Maine,,,,,,
SKU325,Components,,C589,MN,Minnesota,,,,,,
SKU326,Components,,C590,ME,Maine,,,,,,
SKU327,Clothing,,C591,UT,Utah,,,,,,
SKU328,Components,,C592,MD,Maryland,,,,,,
SKU329,Bikes,,C593,UT,Utah,,,,,,
SKU330,Clothing,,C594,AL,Alabama,,,,,,
SKU331,Accessories,,C595,SC,South Carolina,,,,,,
SKU332,Components,,C596,NY,New York,,,,,,
SKU333,Accessories,,C597,AZ,Arizona,,,,,,
SKU334,Accessories,,C598,TN,Tennessee,,,,,,
SKU335,Accessories,,C599,WI,Wisconsin,,,,,,
SKU336,Components,,C600,GA,Georgia,,,,,,
SKU337,Accessories,,C601,KS,Kansas,,,,,,
SKU338,Accessories,,C602,VA,Virginia,,,,,,
SKU339,Accessories,,C603,ME,Maine,,,,,,
SKU340,Accessories,,C604,VA,Virginia,,,,,,
SKU341,Accessories,,C605,TX,Texas,,,,,,
SKU342,Components,,C606,GA,Georgia,,,,,,
SKU343,Components,,C607,MO,Missouri,,,,,,
SKU344,Clothing,,C608,WV,West Virginia,,,,,,
SKU345,Components,,C609,AZ,Arizona,,,,,,
SKU346,Accessories,,C610,NY,New York,,,,,,
SKU347,Accessories,,C611,WA,Washington,,,,,,
SKU348,Accessories,,C612,GA,Georgia,,,,,,
SKU349,Accessories,,C613,MA,Massachusetts,,,,,,
SKU350,Components,,C614,ME,Maine,,,,,,
SKU351,Clothing,,C615,NM,New Mexico,,,,,,
SKU352,Accessories,,C616,MN,Minnesota,,,,,,
SKU353,Clothing,,C617,GA,Georgia,,,,,,
SKU354,Accessories,,C618,RI,Rhode Island,,,,,,
SKU355,Accessories,,C619,OH,Ohio,,,,,,
SKU356,Components,,C620,NH,New Hampshire,,,,,,
SKU357,Components,,C621,WV,West Virginia,,,,,,
SKU358,Components,,C622,WI,Wisconsin,,,,,,
SKU359,Accessories,,C623,ME,Maine,,,,,,
SKU360,Accessories,,C624,IA,Iowa,,,,,,
SKU361,Components,,C625,FL,Florida,,,,,,
SKU362,Components,,C626,ND,North Dakota,,,,,,
SKU363,Components,,C627,MA,Massachusetts,,,,,,
SKU364,Accessories,,C628,IN,Indiana,,,,,,
SKU365,Accessories,,C629,OR,Oregon,,,,,,
SKU366,Accessories,,C630,TN,Tennessee,,,,,,
SKU367,Clothing,,C631,VA,Virginia,,,,,,
SKU368,Accessories,,C632,UT,Utah,,,,,,
SKU369,Components,,C633,WV,West Virginia,,,,,,
SKU370,Accessories,,C634,UT,Utah,,,,,,
SKU371,Components,,C635,ND,North Dakota,,,,,,
SKU372,Components,,C636,KY,Kentucky,,,,,,
SKU373,Accessories,,C637,WA,Washington,,,,,,
SKU374,Components,,C638,ND,North Dakota,,,,,,
SKU375,Components,,C639,IN,Indiana,,,,,,
SKU376,Accessories,,C640,VT,Vermont,,,,,,
SKU377,Accessories,,C641,MT,Montana,,,,,,
SKU378,Components,,C642,AL,Alabama,,,,,,
SKU379,Components,,C643,MI,Michigan,,,,,,
SKU380,Bikes,,C644,FL,Florida,,,,,,
SKU381,Bikes,,C645,MO,Missouri,,,,,,
SKU382,Components,,C646,KS,Kansas,,,,,,
SKU383,Components,,C647,ID,Idaho,,,,,,
SKU384,Clothing,,C648,VA,Virginia,,,,,,
SKU385,Accessories,,C649,MI,Michigan,,,,,,
SKU386,Bikes,,C650,SC,South Carolina,,,,,,
SKU387,Bikes,,C651,PA,Pennsylvania,,,,,,
SKU388,Bikes,,C652,WA,Washington,,,,,,
SKU389,Accessories,,C653,NV,Nevada,,,,,,
SKU390,Bikes,,C654,AL,Alabama,,,,,,
SKU391,Bikes,,C655,NJ,New Jersey,,,,,,
SKU392,Clothing,,C656,MA,Massachusetts,,,,,,
SKU393,Clothing,,C657,TN,Tennessee,,,,,,
SKU394,Accessories,,C658,VA,Virginia,,,,,,
SKU395,Accessories,,C659,WV,West Virginia,,,,,,
SKU396,Components,,C660,NM,New Mexico,,,,,,
SKU397,Accessories,,C661,CT,Connecticut,,,,,,
SKU398,Components,,C662,GA,Georgia,,,,,,
SKU399,Components,,C663,MO,Missouri,,,,,,
SKU400,Components,,C664,FL,Florida,,,,,,
SKU401,Clothing,,C665,IN,Indiana,,,,,,
SKU402,Components,,C666,PA,Pennsylvania,,,,,,
SKU403,Bikes,,C667,NH,New Hampshire,,,,,,
SKU404,Accessories,,C668,CA,California,,,,,,
SKU405,Components,,C669,KY,Kentucky,,,,,,
SKU406,Components,,C670,ND,North Dakota,,,,,,
SKU407,Accessories,,C671,OH,Ohio,,,,,,
SKU408,Components,,C672,CO,Colorado,,,,,,
SKU409,Components,,C673,OK,Oklahoma,,,,,,
SKU410,Accessories,,C674,RI,Rhode Island,,,,,,
SKU411,Bikes,,C675,AL,Alabama,,,,,,
SKU412,Clothing,,C676,OH,Ohio,,,,,,
SKU413,Components,,C677,VA,Virginia,,,,,,
SKU414,Components,,C678,IL,Illinois,,,,,,
SKU415,Components,,C679,SC,South Carolina,,,,,,
SKU416,Components,,C680,MO,Missouri,,,,,,
SKU417,Components,,C681,LA,Louisiana,,,,,,
SKU418,Bikes,,C682,NJ,New Jersey,,,,,,
SKU419,Bikes,,C683,GA,Georgia,,,,,,
SKU420,Bikes,,C684,NM,New Mexico,,,,,,
SKU421,Components,,C685,MN,Minnesota,,,,,,
SKU422,Accessories,,C686,OH,Ohio,,,,,,
SKU423,Components,,C687,ME,Maine,,,,,,
SKU424,Components,,C688,VT,Vermont,,,,,,
SKU425,Components,,C689,VT,Vermont,,,,,,
SKU426,Components,,C690,MD,Maryland,,,,,,
SKU427,Accessories,,C691,MI,Michigan,,,,,,
SKU428,Accessories,,C692,VT,Vermont,,,,,,
SKU429,Accessories,,C693,ME,Maine,,,,,,
SKU430,Accessories,,C694,RI,Rhode Island,,,,,,
SKU431,Clothing,,C695,FL,Florida,,,,,,
SKU432,Clothing,,C696,TN,Tennessee,,,,,,
SKU433,Components,,C697,OH,Ohio,,,,,,
SKU434,Components,,C698,OR,Oregon,,,,,,
SKU435,Accessories,,C699,RI,Rhode Island,,,,,,
SKU436,Accessories,,C700,ID,Idaho,,,,,,
SKU437,Clothing,,C701,KY,Kentucky,,,,,,
SKU438,Accessories,,C702,UT,Utah,,,,,,
SKU439,Components,,C703,CA,California,,,,,,
SKU440,Components,,C704,IN,Indiana,,,,,,
SKU441,Accessories,,C705,TN,Tennessee,,,,,,
SKU442,Accessories,,C706,VA,Virginia,,,,,,
SKU443,Clothing,,C707,OK,Oklahoma,,,,,,
SKU444,Components,,C708,SC,South Carolina,,,,,,
SKU445,Components,,C709,GA,Georgia,,,,,,
SKU446,Accessories,,C710,FL,Florida,,,,,,
SKU447,Accessories,,C711,CT,Connecticut,,,,,,
SKU448,Components,,C712,MD,Maryland,,,,,,
SKU449,Components,,C713,VA,Virginia,,,,,,
SKU450,Accessories,,C714,KS,Kansas,,,,,,
SKU451,Accessories,,C715,OK,Oklahoma,,,,,,
SKU452,Accessories,,C716,SC,South Carolina,,,,,,
SKU453,Clothing,,C717,WA,Washington,,,,,,
SKU454,Accessories,,C718,ME,Maine,,,,,,
SKU455,Components,,C719,MN,Minnesota,,,,,,
SKU456,Components,,C720,NH,New Hampshire,,,,,,
SKU457,Clothing,,C721,NY,New York,,,,,,
SKU458,Components,,C722,KS,Kansas,,,,,,
SKU459,Accessories,,C723,GA,Georgia,,,,,,
SKU460,Accessories,,C724,NV,Nevada,,,,,,
SKU461,Accessories,,C725,AL,Alabama,,,,,,
SKU462,Clothing,,C726,ME,Maine,,,,,,
SKU463,Components,,C727,MI,Michigan,,,,,,
SKU464,Components,,C728,PA,Pennsylvania,,,,,,
SKU465,Components,,C729,CA,California,,,,,,
SKU466,Accessories,,C730,NM,New Mexico,,,,,,
SKU467,Components,,C731,MD,Maryland,,,,,,
SKU468,Components,,C732,AL,Alabama,,,,,,
SKU469,Accessories,,C733,OH,Ohio,,,,,,
SKU470,Components,,C734,FL,Florida,,,,,,
SKU471,Components,,C735,CO,Colorado,,,,,,
SKU472,Accessories,,C736,NM,New Mexico,,,,,,
SKU473,Components,,C737,MD,Maryland,,,,,,
SKU474,Components,,C738,AZ,Arizona,,,,,,
SKU475,Accessories,,C739,NJ,New Jersey,,,,,,
SKU476,Accessories,,C740,WV,West Virginia,,,,,,
SKU477,Components,,C741,MA,Massachusetts,,,,,,
SKU478,Components,,C742,CO,Colorado,,,,,,
SKU479,Accessories,,C743,CT,Connecticut,,,,,,
SKU480,Components,,C744,CO,Colorado,,,,,,
SKU481,Bikes,,C745,ME,Maine,,,,,,
SKU482,Components,,C746,OR,Oregon,,,,,,
SKU483,Components,,C747,MN,Minnesota,,,,,,
SKU484,Clothing,,C748,ND,North Dakota,,,,,,
SKU485,Clothing,,C749,SC,South Carolina,,,,,,
SKU486,Accessories,,C750,FL,Florida,,,,,,
SKU487,Clothing,,C751,MI,Michigan,,,,,,
SKU488,Accessories,,C752,WI,Wisconsin,,,,,,
SKU489,Components,,C753,AL,Alabama,,,,,,
SKU490,Components,,C754,MI,Michigan,,,,,,
SKU491,Components,,C755,RI,Rhode Island,,,,,,
SKU492,Components,,C756,MO,Missouri,,,,,,
SKU493,Components,,C757,ND,North Dakota,,,,,,
SKU494,Accessories,,C758,NJ,New Jersey,,,,,,
SKU495,Components,,C759,LA,Louisiana,,,,,,
SKU496,Components,,C760,UT,Utah,,,,,,
SKU497,Bikes,,C761,RI,Rhode Island,,,,,,
SKU498,Components,,C762,RI,Rhode Island,,,,,,
SKU499,Components,,C763,UT,Utah,,,,,,
SKU500,Accessories,,C764,WA,Washington,,,,,,
SKU501,Accessories,,C765,IA,Iowa,,,,,,
SKU502,Components,,C766,ID,Idaho,,,,,,
SKU503,Components,,C767,NC,North Carolina,,,,,,
SKU504,Accessories,,C768,DE,Delaware,,,,,,
SKU505,Accessories,,C769,MA,Massachusetts,,,,,,
SKU506,Components,,C770,KS,Kansas,,,,,,
SKU507,Components,,C771,RI,Rhode Island,,,,,,
SKU508,Accessories,,C772,IA,Iowa,,,,,,
SKU509,Accessories,,C773,NV,Nevada,,,,,,
SKU510,Components,,C774,VT,Vermont,,,,,,
SKU511,Accessories,,C775,ME,Maine,,,,,,
SKU512,Accessories,,C776,ND,North Dakota,,,,,,
SKU513,Components,,C777,OR,Oregon,,,,,,
SKU514,Accessories,,C778,NJ,New Jersey,,,,,,
SKU515,Accessories,,C779,AL,Alabama,,,,,,
SKU516,Components,,C780,FL,Florida,,,,,,
SKU517,Accessories,,C781,NV,Nevada,,,,,,
SKU518,Clothing,,C782,KY,Kentucky,,,,,,
SKU519,Components,,C783,KY,Kentucky,,,,,,
SKU520,Accessories,,C784,CO,Colorado,,,,,,
SKU521,Components,,C785,IA,Iowa,,,,,,
SKU522,Accessories,,C786,IN,Indiana,,,,,,
SKU523,Clothing,,C787,NC,North Carolina,,,,,,
SKU524,Accessories,,C788,PA,Pennsylvania,,,,,,
SKU525,Clothing,,C789,UT,Utah,,,,,,
SKU526,Components,,C790,CO,Colorado,,,,,,
SKU527,Components,,C791,ID,Idaho,,,,,,
SKU528,Accessories,,C792,NY,New York,,,,,,
SKU529,Accessories,,C793,KY,Kentucky,,,,,,
SKU530,Accessories,,C794,AZ,Arizona,,,,,,
SKU531,Accessories,,C795,NM,New Mexico,,,,,,
SKU532,Accessories,,,,,,,,,,
SKU533,Accessories,,,,,,,,,,
SKU534,Accessories,,,,,,,,,,
SKU535,Components,,,,,,,,,,
SKU536,Accessories,,,,,,,,,,
SKU537,Clothing,,,,,,,,,,
SKU538,Accessories,,,,,,,,,,
SKU539,Accessories,,,,,,,,,,
SKU540,Accessories,,,,,,,,,,
SKU541,Accessories,,,,,,,,,,
SKU542,Components,,,,,,,,,,
SKU543,Clothing,,,,,,,,,,
SKU544,Clothing,,,,,,,,,,
SKU545,Components,,,,,,,,,,
SKU546,Accessories,,,,,,,,,,
SKU547,Accessories,,,,,,,,,,
SKU548,Accessories,,,,,,,,,,
SKU549,Accessories,,,,,,,,,,
SKU550,Components,,,,,,,,,,
SKU551,Accessories,,,,,,,,,,
SKU552,Clothing,,,,,,,,,,
SKU553,Components,,,,,,,,,,
SKU554,Accessories,,,,,,,,,,
SKU555,Accessories,,,,,,,,,,
SKU556,Accessories,,,,,,,,,,
SKU557,Accessories,,,,,,,,,,
SKU558,Components,,,,,,,,,,
SKU559,Components,,,,,,,,,,
SKU560,Components,,,,,,,,,,
SKU561,Clothing,,,,,,,,,,
SKU562,Accessories,,,,,,,,,,
SKU563,Components,,,,,,,,,,
SKU564,Accessories,,,,,,,,,,
SKU565,Components,,,,,,,,,,
SKU566,Components,,,,,,,,,,
SKU567,Components,,,,,,,,,,
SKU568,Accessories,,,,,,,,,,
SKU569,Accessories,,,,,,,,,,
SKU570,Accessories,,,,,,,,,,
SKU571,Accessories,,,,,,,,,,
SKU572,Components,,,,,,,,,,
SKU573,Accessories,,,,,,,,,,
SKU574,Accessories,,,,,,,,,,
SKU575,Components,,,,,,,,,,
SKU576,Accessories,,,,,,,,,,
SKU577,Components,,,,,,,,,,
SKU578,Accessories,,,,,,,,,,
SKU579,Clothing,,,,,,,,,,
SKU580,Components,,,,,,,,,,
SKU581,Components,,,,,,,,,,
SKU582,Clothing,,,,,,,,,,
SKU583,Clothing,,,,,,,,,,
SKU584,Components,,,,,,,,,,
SKU585,Accessories,,,,,,,,,,
SKU586,Clothing,,,,,,,,,,
SKU587,Accessories,,,,,,,,,,
SKU588,Components,,,,,,,,,,
SKU589,Accessories,,,,,,,,,,
SKU590,Accessories,,,,,,,,,,
SKU591,Accessories,,,,,,,,,,
SKU592,Clothing,,,,,,,,,,
SKU593,Clothing,,,,,,,,,,
SKU594,Accessories,,,,,,,,,,
SKU595,Accessories,,,,,,,,,,
SKU596,Accessories,,,,,,,,,,
SKU597,Accessories,,,,,,,,,,
SKU598,Accessories,,,,,,,,,,
SKU599,Accessories,,,,,,,,,,
SKU600,Accessories,,,,,,,,,,
SKU601,Accessories,,,,,,,,,,
SKU602,Components,,,,,,,,,,
SKU603,Accessories,,,,,,,,,,
SKU604,Accessories,,,,,,,,,,
SKU605,Components,,,,,,,,,,
SKU606,Accessories,,,,,,,,,,
SKU607,Accessories,,,,,,,,,,
SKU608,Components,,,,,,,,,,
SKU609,Clothing,,,,,,,,,,
SKU610,Accessories,,,,,,,,,,
SKU611,Clothing,,,,,,,,,,
SKU612,Accessories,,,,,,,,,,
SKU613,Components,,,,,,,,,,
SKU614,Accessories,,,,,,,,,,
SKU615,Components,,,,,,,,,,
SKU616,Accessories,,,,,,,,,,
SKU617,Components,,,,,,,,,,
SKU618,Components,,,,,,,,,,
SKU619,Components,,,,,,,,,,
SKU620,Components,,,,,,,,,,
SKU621,Components,,,,,,,,,,
SKU622,Components,,,,,,,,,,
SKU623,Components,,,,,,,,,,
SKU624,Accessories,,,,,,,,,,
SKU625,Components,,,,,,,,,,
SKU626,Components,,,,,,,,,,
SKU627,Components,,,,,,,,,,
SKU628,Components,,,,,,,,,,
SKU629,Components,,,,,,,,,,
SKU630,Accessories,,,,,,,,,,
SKU631,Accessories,,,,,,,,,,
SKU632,Accessories,,,,,,,,,,
SKU633,Clothing,,,,,,,,,,
SKU634,Components,,,,,,,,,,
SKU635,Accessories,,,,,,,,,,
SKU636,Components,,,,,,,,,,
SKU637,Clothing,,,,,,,,,,
SKU638,Accessories,,,,,,,,,,
SKU639,Accessories,,,,,,,,,,
SKU640,Accessories,,,,,,,,,,
SKU641,Components,,,,,,,,,,
SKU642,Components,,,,,,,,,,
SKU643,Clothing,,,,,,,,,,
SKU644,Components,,,,,,,,,,
SKU645,Accessories,,,,,,,,,,
SKU646,Clothing,,,,,,,,,,
SKU647,Components,,,,,,,,,,
SKU648,Accessories,,,,,,,,,,
SKU649,Components,,,,,,,,,,
SKU650,Components,,,,,,,,,,
SKU651,Accessories,,,,,,,,,,
SKU652,Components,,,,,,,,,,
SKU653,Clothing,,,,,,,,,,
SKU654,Accessories,,,,,,,,,,
SKU655,Clothing,,,,,,,,,,
SKU656,Components,,,,,,,,,,
SKU657,Components,,,,,,,,,,
SKU658,Components,,,,,,,,,,
SKU659,Components,,,,,,,,,,
SKU660,Components,,,,,,,,,,
SKU661,Bikes,,,,,,,,,,
SKU662,Components,,,,,,,,,,
SKU663,Components,,,,,,,,,,
SKU664,Accessories,,,,,,,,,,
SKU665,Accessories,,,,,,,,,,
SKU666,Accessories,,,,,,,,,,
SKU667,Accessories,,,,,,,,,,
SKU668,Components,,,,,,,,,,
SKU669,Components,,,,,,,,,,
SKU670,Accessories,,,,,,,,,,
SKU671,Accessories,,,,,,,,,,
SKU672,Components,,,,,,,,,,
SKU673,Components,,,,,,,,,,
SKU674,Components,,,,,,,,,,
SKU675,Accessories,,,,,,,,,,
SKU676,Components,,,,,,,,,,
SKU677,Components,,,,,,,,,,
SKU678,Clothing,,,,,,,,,,
SKU679,Accessories,,,,,,,,,,
SKU680,Components,,,,,,,,,,
SKU681,Accessories,,,,,,,,,,
SKU682,Accessories,,,,,,,,,,
SKU683,Accessories,,,,,,,,,,
SKU684,Accessories,,,,,,,,,,
SKU685,Accessories,,,,,,,,,,
SKU686,Components,,,,,,,,,,
SKU687,Components,,,,,,,,,,
SKU688,Components,,,,,,,,,,
SKU689,Accessories,,,,,,,,,,
SKU690,Accessories,,,,,,,,,,
SKU691,Accessories,,,,,,,,,,
SKU692,Accessories,,,,,,,,,,
SKU693,Clothing,,,,,,,,,,
SKU694,Clothing,,,,,,,,,,
SKU695,Accessories,,,,,,,,,,
SKU696,Accessories,,,,,,,,,,
SKU697,Components,,,,,,,,,,
SKU698,Clothing,,,,,,,,,,
SKU699,Accessories,,,,,,,,,,
SKU700,Accessories,,,,,,,,,,
SKU701,Accessories,,,,,,,,,,
SKU702,Clothing,,,,,,,,,,
SKU703,Clothing,,,,,,,,,,
SKU704,Accessories,,,,,,,,,,
SKU705,Clothing,,,,,,,,,,
SKU706,Accessories,,,,,,,,,,
SKU707,Accessories,,,,,,,,,,
SKU708,Accessories,,,,,,,,,,
SKU709,Accessories,,,,,,,,,,
SKU710,Accessories,,,,,,,,,,
SKU711,Accessories,,,,,,,,,,
SKU712,Accessories,,,,,,,,,,
SKU713,Accessories,,,,,,,,,,
SKU714,Clothing,,,,,,,,,,
SKU715,Components,,,,,,,,,,
SKU716,Clothing,,,,,,,,,,
SKU717,Clothing,,,,,,,,,,
SKU718,Accessories,,,,,,,,,,
SKU719,Accessories,,,,,,,,,,
SKU720,Accessories,,,,,,,,,,
SKU721,Clothing,,,,,,,,,,
SKU722,Clothing,,,,,,,,,,
SKU723,Accessories,,,,,,,,,,
SKU724,Accessories,,,,,,,,,,
SKU725,Accessories,,,,,,,,,,
SKU726,Accessories,,,,,,,,,,
SKU727,Clothing,,,,,,,,,,
SKU728,Accessories,,,,,,,,,,
SKU729,Clothing,,,,,,,,,,
SKU730,Accessories,,,,,,,,,,
SKU731,Components,,,,,,,,,,
SKU732,Components,,,,,,,,,,
SKU733,Components,,,,,,,,,,
SKU734,Accessories,,,,,,,,,,
SKU735,Accessories,,,,,,,,,,
SKU736,Accessories,,,,,,,,,,
SKU737,Clothing,,,,,,,,,,
SKU738,Accessories,,,,,,,,,,
SKU739,Accessories,,,,,,,,,,
SKU740,Accessories,,,,,,,,,,
SKU741,Accessories,,,,,,,,,,
SKU742,Accessories,,,,,,,,,,
SKU743,Clothing,,,,,,,,,,
SKU744,Accessories,,,,,,,,,,
SKU745,Accessories,,,,,,,,,,
SKU746,Clothing,,,,,,,,,,
SKU747,Accessories,,,,,,,,,,
SKU748,Components,,,,,,,,,,
SKU749,Clothing,,,,,,,,,,
SKU750,Components,,,,,,,,,,
SKU751,Components,,,,,,,,,,
SKU752,Components,,,,,,,,,,
SKU753,Clothing,,,,,,,,,,
SKU754,Clothing,,,,,,,,,,
SKU755,Components,,,,,,,,,,
SKU756,Accessories,,,,,,,,,,
SKU757,Accessories,,,,,,,,,,
SKU758,Components,,,,,,,,,,
SKU759,Clothing,,,,,,,,,,
SKU760,Accessories,,,,,,,,,,
SKU761,Accessories,,,,,,,,,,
SKU762,Accessories,,,,,,,,,,
SKU763,Accessories,,,,,,,,,,
SKU764,Clothing,,,,,,,,,,
SKU765,Accessories,,,,,,,,,,
SKU766,Accessories,,,,,,,,,,
SKU767,Accessories,,,,,,,,,,
SKU768,Components,,,,,,,,,,
SKU769,Accessories,,,,,,,,,,
SKU770,Accessories,,,,,,,,,,
SKU771,Accessories,,,,,,,,,,
SKU772,Accessories,,,,,,,,,,
SKU773,Components,,,,,,,,,,
SKU774,Components,,,,,,,,,,
SKU775,Components,,,,,,,,,,
SKU776,Components,,,,,,,,,,
SKU777,Accessories,,,,,,,,,,
SKU778,Accessories,,,,,,,,,,
SKU779,Accessories,,,,,,,,,,
SKU780,Clothing,,,,,,,,,,
SKU781,Clothing,,,,,,,,,,
SKU782,Components,,,,,,,,,,
SKU783,Components,,,,,,,,,,
SKU784,Accessories,,,,,,,,,,
SKU785,Accessories,,,,,,,,,,
SKU786,Accessories,,,,,,,,,,
SKU787,Accessories,,,,,,,,,,
SKU788,Accessories,,,,,,,,,,
SKU789,Accessories,,,,,,,,,,
SKU790,Accessories,,,,,,,,,,
SKU791,Accessories,,,,,,,,,,
SKU792,Accessories,,,,,,,,,,
SKU793,Accessories,,,,,,,,,,
SKU794,Accessories,,,,,,,,,,
SKU795,Accessories,,,,,,,,,,
SKU796,Clothing,,,,,,,,,,
SKU797,Components,,,,,,,,,,
SKU798,Components,,,,,,,,,,
SKU799,Accessories,,,,,,,,,,
SKU800,Components,,,,,,,,,,
SKU801,Accessories,,,,,,,,,,
SKU802,Accessories,,,,,,,,,,
SKU803,Accessories,,,,,,,,,,
SKU804,Accessories,,,,,,,,,,
SKU805,Clothing,,,,,,,,,,
SKU806,Clothing,,,,,,,,,,
SKU807,Components,,,,,,,,,,
SKU808,Components,,,,,,,,,,
SKU809,Clothing,,,,,,,,,,
SKU810,Components,,,,,,,,,,
SKU811,Clothing,,,,,,,,,,
SKU812,Accessories,,,,,,,,,,
SKU813,Components,,,,,,,,,,
SKU814,Components,,,,,,,,,,
SKU815,Accessories,,,,,,,,,,
SKU816,Accessories,,,,,,,,,,
SKU817,Accessories,,,,,,,,,,
SKU818,Components,,,,,,,,,,
SKU819,Accessories,,,,,,,,,,
SKU820,Accessories,,,,,,,,,,
SKU821,Accessories,,,,,,,,,,
SKU822,Components,,,,,,,,,,
SKU823,Accessories,,,,,,,,,,
SKU824,Components,,,,,,,,,,
SKU825,Accessories,,,,,,,,,,
SKU826,Components,,,,,,,,,,
SKU827,Components,,,,,,,,,,
SKU828,Accessories,,,,,,,,,,
SKU829,Components,,,,,,,,,,
SKU830,Accessories,,,,,,,,,,
SKU831,Accessories,,,,,,,,,,
SKU832,Accessories,,,,,,,,,,
SKU833,Accessories,,,,,,,,,,
SKU834,Accessories,,,,,,,,,,
SKU835,Accessories,,,,,,,,,,
SKU836,Components,,,,,,,,,,
SKU837,Accessories,,,,,,,,,,
SKU838,Accessories,,,,,,,,,,
SKU839,Clothing,,,,,,,,,,
SKU840,Accessories,,,,,,,,,,
SKU841,Clothing,,,,,,,,,,
SKU842,Accessories,,,,,,,,,,
SKU843,Accessories,,,,,,,,,,
SKU844,Accessories,,,,,,,,,,
SKU845,Clothing,,,,,,,,,,
SKU846,Accessories,,,,,,,,,,
SKU847,Accessories,,,,,,,,,,
SKU848,Accessories,,,,,,,,,,
SKU849,Accessories,,,,,,,,,,
SKU850,Accessories,,,,,,,,,,
SKU851,Clothing,,,,,,,,,,
SKU852,Accessories,,,,,,,,,,
SKU853,Accessories,,,,,,,,,,
SKU854,Accessories,,,,,,,,,,
SKU855,Accessories,,,,,,,,,,
SKU856,Accessories,,,,,,,,,,
SKU857,Accessories,,,,,,,,,,
SKU858,Accessories,,,,,,,,,,
SKU859,Accessories,,,,,,,,,,
SKU860,Accessories,,,,,,,,,,
SKU861,Accessories,,,,,,,,,,
SKU862,Accessories,,,,,,,,,,
SKU863,Accessories,,,,,,,,,,
SKU864,Accessories,,,,,,,,,,
SKU865,Accessories,,,,,,,,,,
SKU866,Clothing,,,,,,,,,,
SKU867,Clothing,,,,,,,,,,
SKU868,Accessories,,,,,,,,,,
SKU869,Accessories,,,,,,,,,,
SKU870,Accessories,,,,,,,,,,
SKU871,Components,,,,,,,,,,
SKU872,Components,,,,,,,,,,
SKU873,Clothing,,,,,,,,,,
SKU874,Accessories,,,,,,,,,,
SKU875,Accessories,,,,,,,,,,
SKU876,Components,,,,,,,,,,
SKU877,Components,,,,,,,,,,
SKU878,Components,,,,,,,,,,
SKU879,Components,,,,,,,,,,
SKU880,Bikes,,,,,,,,,,
SKU881,Components,,,,,,,,,,
SKU882,Accessories,,,,,,,,,,
SKU883,Bikes,,,,,,,,,,
SKU884,Clothing,,,,,,,,,,
SKU885,Components,,,,,,,,,,
SKU886,Components,,,,,,,,,,
SKU887,Bikes,,,,,,,,,,
SKU888,Components,,,,,,,,,,
SKU889,Components,,,,,,,,,,
SKU890,Components,,,,,,,,,,
SKU891,Clothing,,,,,,,,,,
SKU892,Components,,,,,,,,,,
SKU893,Components,,,,,,,,,,
SKU894,Bikes,,,,,,,,,,
SKU895,Components,,,,,,,,,,
SKU896,Components,,,,,,,,,,
SKU897,Components,,,,,,,,,,
SKU898,Components,,,,,,,,,,
SKU899,Components,,,,,,,,,,
SKU900,Bikes,,,,,,,,,,
SKU901,Accessories,,,,,,,,,,
SKU902,Components,,,,,,,,,,
SKU903,Bikes,,,,,,,,,,
SKU904,Components,,,,,,,,,,
SKU905,Components,,,,,,,,,,
SKU906,Accessories,,,,,,,,,,
SKU907,Components,,,,,,,,,,
SKU908,Components,,,,,,,,,,
SKU909,Accessories,,,,,,,,,,
SKU910,Bikes,,,,,,,,,,
SKU911,Accessories,,,,,,,,,,
SKU912,Accessories,,,,,,,,,,
SKU913,Components,,,,,,,,,,
SKU914,Components,,,,,,,,,,
SKU915,Accessories,,,,,,,,,,
SKU916,Components,,,,,,,,,,
SKU917,Components,,,,,,,,,,
SKU918,Bikes,,,,,,,,,,
SKU919,Bikes,,,,,,,,,,
SKU920,Bikes,,,,,,,,,,
SKU921,Components,,,,,,,,,,
SKU922,Components,,,,,,,,,,
SKU923,Bikes,,,,,,,,,,
SKU924,Components,,,,,,,,,,
SKU925,Components,,,,,,,,,,
SKU926,Components,,,,,,,,,,
SKU927,Accessories,,,,,,,,,,
SKU928,Accessories,,,,,,,,,,
SKU929,Bikes,,,,,,,,,,
SKU930,Components,,,,,,,,,,
SKU931,Components,,,,,,,,,,
SKU932,Accessories,,,,,,,,,,
SKU933,Bikes,,,,,,,,,,
SKU934,Clothing,,,,,,,,,,
SKU935,Components,,,,,,,,,,
SKU936,Bikes,,,,,,,,,,
SKU937,Accessories,,,,,,,,,,
SKU938,Accessories,,,,,,,,,,
SKU939,Components,,,,,,,,,,
SKU940,Accessories,,,,,,,,,,
SKU941,Components,,,,,,,,,,
SKU942,Accessories,,,,,,,,,,
SKU943,Components,,,,,,,,,,
SKU944,Components,,,,,,,,,,
SKU945,Components,,,,,,,,,,
SKU946,Components,,,,,,,,,,
SKU947,Bikes,,,,,,,,,,
SKU948,Components,,,,,,,,,,
SKU949,Bikes,,,,,,,,,,
SKU950,Accessories,,,,,,,,,,
SKU951,Accessories,,,,,,,,,,
SKU952,Bikes,,,,,,,,,,
SKU953,Components,,,,,,,,,,
SKU954,Components,,,,,,,,,,
SKU955,Accessories,,,,,,,,,,
SKU956,Clothing,,,,,,,,,,
SKU957,Components,,,,,,,,,,
SKU958,Components,,,,,,,,,,
SKU959,Clothing,,,,,,,,,,
SKU960,Components,,,,,,,,,,
SKU961,Components,,,,,,,,,,
SKU962,Accessories,,,,,,,,,,
SKU963,Components,,,,,,,,,,
SKU964,Bikes,,,,,,,,,,
SKU965,Components,,,,,,,,,,
SKU966,Components,,,,,,,,,,
SKU967,Components,,,,,,,,,,
SKU968,Components,,,,,,,,,,
SKU969,Bikes,,,,,,,,,,
SKU970,Components,,,,,,,,,,
SKU971,Accessories,,,,,,,,,,
SKU972,Clothing,,,,,,,,,,
SKU973,Accessories,,,,,,,,,,
SKU974,Bikes,,,,,,,,,,
SKU975,Accessories,,,,,,,,,,
SKU976,Accessories,,,,,,,,,,
SKU977,Bikes,,,,,,,,,,
SKU978,Accessories,,,,,,,,,,
SKU979,Components,,,,,,,,,,
SKU980,Components,,,,,,,,,,
SKU981,Components,,,,,,,,,,
SKU982,Components,,,,,,,,,,
SKU983,Accessories,,,,,,,,,,
SKU984,Components,,,,,,,,,,
SKU985,Components,,,,,,,,,,
SKU986,Components,,,,,,,,,,
SKU987,Components,,,,,,,,,,
SKU988,Components,,,,,,,,,,
SKU989,Components,,,,,,,,,,
SKU990,Components,,,,,,,,,,
SKU991,Components,,,,,,,,,,
SKU992,Accessories,,,,,,,,,,
SKU993,Components,,,,,,,,,,
SKU994,Components,,,,,,,,,,
SKU995,Bikes,,,,,,,,,,
SKU996,Components,,,,,,,,,,
SKU997,Accessories,,,,,,,,,,
SKU998,Accessories,,,,,,,,,,
SKU999,Components,,,,,,,,,,
